REGISTRY_ID,PGM_SYS_ACRNM,PGM_SYS_ID,INTEREST_TYPE,NAICS_CODE,PRIMARY_INDICATOR,CODE_DESCRIPTION
110000759162,NPDES,AK0021474,BIOSOLIDS,221320,PRIMARY,SEWAGE TREATMENT FACILITIES.
110000760917,NPDES,AK0021458,BIOSOLIDS,221320,PRIMARY,SEWAGE TREATMENT FACILITIES.
110000761453,NPDES,AK0021385,BIOSOLIDS,221320,PRIMARY,SEWAGE TREATMENT FACILITIES.
110009005030,NPDES,AK0022951,BIOSOLIDS,221320,PRIMARY,SEWAGE TREATMENT FACILITIES.
110010112261,NPDES,AK0021890,BIOSOLIDS,221320,PRIMARY,SEWAGE TREATMENT FACILITIES.
110010112289,NPDES,AK0022543,BIOSOLIDS,221320,PRIMARY,SEWAGE TREATMENT FACILITIES.
110010588603,NPDES,AK0021547,BIOSOLIDS,221320,PRIMARY,SEWAGE TREATMENT FACILITIES.
110039716117,NPDES,AK0023451,BIOSOLIDS,221320,PRIMARY,SEWAGE TREATMENT FACILITIES.
110039730459,NPDES,AK0022497,BIOSOLIDS,221320,PRIMARY,SEWAGE TREATMENT FACILITIES.
110000520981,NPDES,AL0023094,BIOSOLIDS,221320,SECONDARY,SEWAGE TREATMENT FACILITIES.
110000521007,NPDES,AL0023086,BIOSOLIDS,221320,SECONDARY,SEWAGE TREATMENT FACILITIES.
110000522104,NPDES,AL0050237,BIOSOLIDS,221320,PRIMARY,SEWAGE TREATMENT FACILITIES.
110000525307,NPDES,AL0020150,BIOSOLIDS,221320,PRIMARY,SEWAGE TREATMENT FACILITIES.
110000527172,NPDES,AL0020001,BIOSOLIDS,221320,SECONDARY,SEWAGE TREATMENT FACILITIES.
110000527751,NPDES,AL0020192,BIOSOLIDS,221320,PRIMARY,SEWAGE TREATMENT FACILITIES.
110000753328,NPDES,AL0032310,BIOSOLIDS,221320,SECONDARY,SEWAGE TREATMENT FACILITIES.
110000759180,NPDES,AL0022713,BIOSOLIDS,221320,PRIMARY,SEWAGE TREATMENT FACILITIES.
110002042931,NPDES,AL0022241,BIOSOLIDS,221320,SECONDARY,SEWAGE TREATMENT FACILITIES.
110006644499,NPDES,AL0047465,BIOSOLIDS,221320,PRIMARY,SEWAGE TREATMENT FACILITIES.
110006644603,NPDES,AL0024180,BIOSOLIDS,221320,PRIMARY,SEWAGE TREATMENT FACILITIES.
110006644701,NPDES,AL0057100,BIOSOLIDS,221320,PRIMARY,SEWAGE TREATMENT FACILITIES.
110009041045,NPDES,AL0023418,BIOSOLIDS,221320,SECONDARY,SEWAGE TREATMENT FACILITIES.
110009122653,NPDES,AL0020303,BIOSOLIDS,221320,PRIMARY,SEWAGE TREATMENT FACILITIES.
110010075417,NPDES,AL0022764,BIOSOLIDS,221320,PRIMARY,SEWAGE TREATMENT FACILITIES.
110010099179,NPDES,AL0026654,BIOSOLIDS,221320,SECONDARY,SEWAGE TREATMENT FACILITIES.
110010581986,NPDES,AL0024724,BIOSOLIDS,221320,PRIMARY,SEWAGE TREATMENT FACILITIES.
110025375083,NPDES,AL0020141,BIOSOLIDS,221320,PRIMARY,SEWAGE TREATMENT FACILITIES.
110044303857,NPDES,AL0022578,BIOSOLIDS,221320,PRIMARY,SEWAGE TREATMENT FACILITIES.
110055972292,NPDES,AL0022659,BIOSOLIDS,221320,SECONDARY,SEWAGE TREATMENT FACILITIES.
110055972826,NPDES,AL0022357,BIOSOLIDS,221320,SECONDARY,SEWAGE TREATMENT FACILITIES.
110055973923,NPDES,AL0022195,BIOSOLIDS,221320,SECONDARY,SEWAGE TREATMENT FACILITIES.
110055973932,NPDES,AL0024520,BIOSOLIDS,221320,SECONDARY,SEWAGE TREATMENT FACILITIES.
110055975477,NPDES,AL0027723,BIOSOLIDS,221320,SECONDARY,SEWAGE TREATMENT FACILITIES.
110055975592,NPDES,AL0022225,BIOSOLIDS,221320,SECONDARY,SEWAGE TREATMENT FACILITIES.
110055975716,NPDES,AL0050121,BIOSOLIDS,221320,PRIMARY,SEWAGE TREATMENT FACILITIES.
110071079304,NPDES,AL0023884,BIOSOLIDS,221320,PRIMARY,SEWAGE TREATMENT FACILITIES.
110000515586,NPDES,AR0037907,BIOSOLIDS,221320,PRIMARY,SEWAGE TREATMENT FACILITIES.
110000736204,NPDES,AR0043397,BIOSOLIDS,221320,PRIMARY,SEWAGE TREATMENT FACILITIES.
110055482776,NPDES,MTG650019,BIOSOLIDS,221320,PRIMARY,SEWAGE TREATMENT FACILITIES.
110000515283,NPDES,COG650024,BIOSOLIDS,221320,PRIMARY,SEWAGE TREATMENT FACILITIES.
110000528108,NPDES,COG650009,BIOSOLIDS,221320,PRIMARY,SEWAGE TREATMENT FACILITIES.
110000730914,NPDES,COG650031,BIOSOLIDS,221320,PRIMARY,SEWAGE TREATMENT FACILITIES.
110000915252,NPDES,COG650033,BIOSOLIDS,221320,PRIMARY,SEWAGE TREATMENT FACILITIES.
110002040862,NPDES,COG650006,BIOSOLIDS,221320,PRIMARY,SEWAGE TREATMENT FACILITIES.
110002041040,NPDES,COG650010,BIOSOLIDS,221320,PRIMARY,SEWAGE TREATMENT FACILITIES.
110010052931,NPDES,COG650020,BIOSOLIDS,221320,PRIMARY,SEWAGE TREATMENT FACILITIES.
110010053654,NPDES,COG650029,BIOSOLIDS,221320,PRIMARY,SEWAGE TREATMENT FACILITIES.
110010054181,NPDES,COG650008,BIOSOLIDS,221320,PRIMARY,SEWAGE TREATMENT FACILITIES.
110013304995,NPDES,COG650032,BIOSOLIDS,221320,PRIMARY,SEWAGE TREATMENT FACILITIES.
110013400444,NPDES,COG650017,BIOSOLIDS,221320,PRIMARY,SEWAGE TREATMENT FACILITIES.
110013404850,NPDES,COG650015,BIOSOLIDS,221320,PRIMARY,SEWAGE TREATMENT FACILITIES.
110024576127,NPDES,COG650026,BIOSOLIDS,221320,PRIMARY,SEWAGE TREATMENT FACILITIES.
110055971863,NPDES,COG650002,BIOSOLIDS,221320,PRIMARY,SEWAGE TREATMENT FACILITIES.
110055974664,NPDES,COG650004,BIOSOLIDS,221320,PRIMARY,SEWAGE TREATMENT FACILITIES.
110055978768,NPDES,COG650019,BIOSOLIDS,221320,PRIMARY,SEWAGE TREATMENT FACILITIES.
110056002926,NPDES,COG650018,BIOSOLIDS,221320,PRIMARY,SEWAGE TREATMENT FACILITIES.
110064107078,NPDES,COG650007,BIOSOLIDS,221320,PRIMARY,SEWAGE TREATMENT FACILITIES.
110000507540,NPDES,FL0021903,BIOSOLIDS,221320,SECONDARY,SEWAGE TREATMENT FACILITIES.
110000508255,NPDES,FL0021326,BIOSOLIDS,221320,SECONDARY,SEWAGE TREATMENT FACILITIES.
110000508503,NPDES,FL0026387,BIOSOLIDS,221320,SECONDARY,SEWAGE TREATMENT FACILITIES.
110000508914,NPDES,FL0037966,BIOSOLIDS,221320,SECONDARY,SEWAGE TREATMENT FACILITIES.
110000508987,NPDES,FL0020109,BIOSOLIDS,221320,SECONDARY,SEWAGE TREATMENT FACILITIES.
110000509726,NPDES,FL0028126,BIOSOLIDS,221320,SECONDARY,SEWAGE TREATMENT FACILITIES.
110000509771,NPDES,FL0038768,BIOSOLIDS,221320,SECONDARY,SEWAGE TREATMENT FACILITIES.
110000510359,NPDES,FL0027677,BIOSOLIDS,221320,SECONDARY,SEWAGE TREATMENT FACILITIES.
110000511679,NPDES,FL0040436,BIOSOLIDS,221320,SECONDARY,SEWAGE TREATMENT FACILITIES.
110000513052,NPDES,FL0020559,BIOSOLIDS,221320,SECONDARY,SEWAGE TREATMENT FACILITIES.
110000513141,NPDES,FL0035980,BIOSOLIDS,221320,SECONDARY,SEWAGE TREATMENT FACILITIES.
110000513347,NPDES,FL0021105,BIOSOLIDS,221320,SECONDARY,SEWAGE TREATMENT FACILITIES.
110000514337,NPDES,FL0036048,BIOSOLIDS,221320,SECONDARY,SEWAGE TREATMENT FACILITIES.
110000514337,NPDES,FL0036048,BIOSOLIDS,112111,SECONDARY,BEEF CATTLE RANCHING AND FARMING.
110000515504,NPDES,FL0030406,BIOSOLIDS,221320,SECONDARY,SEWAGE TREATMENT FACILITIES.
110000520286,NPDES,FL0027651,BIOSOLIDS,221320,SECONDARY,SEWAGE TREATMENT FACILITIES.
110000521338,NPDES,FL0021270,BIOSOLIDS,221320,SECONDARY,SEWAGE TREATMENT FACILITIES.
110000525780,NPDES,FL0026450,BIOSOLIDS,221320,SECONDARY,SEWAGE TREATMENT FACILITIES.
110000525815,NPDES,FL0020532,BIOSOLIDS,221320,SECONDARY,SEWAGE TREATMENT FACILITIES.
110000526654,NPDES,FL0027278,BIOSOLIDS,221320,SECONDARY,SEWAGE TREATMENT FACILITIES.
110000527715,NPDES,FL0021512,BIOSOLIDS,221320,SECONDARY,SEWAGE TREATMENT FACILITIES.
110000527840,NPDES,FL0020541,BIOSOLIDS,221320,SECONDARY,SEWAGE TREATMENT FACILITIES.
110000527886,NPDES,FL0040771,BIOSOLIDS,221320,SECONDARY,SEWAGE TREATMENT FACILITIES.
110000728632,NPDES,FL0043214,BIOSOLIDS,221320,SECONDARY,SEWAGE TREATMENT FACILITIES.
110000731156,NPDES,FL0026344,BIOSOLIDS,221320,SECONDARY,SEWAGE TREATMENT FACILITIES.
110000731165,NPDES,FL0026468,BIOSOLIDS,221320,SECONDARY,SEWAGE TREATMENT FACILITIES.
110000752962,NPDES,FL0020427,BIOSOLIDS,221320,SECONDARY,SEWAGE TREATMENT FACILITIES.
110000910649,NPDES,FL0021865,BIOSOLIDS,221320,SECONDARY,SEWAGE TREATMENT FACILITIES.
110000914556,NPDES,FL0027260,BIOSOLIDS,221320,SECONDARY,SEWAGE TREATMENT FACILITIES.
110000914841,NPDES,FL0021521,BIOSOLIDS,221320,SECONDARY,SEWAGE TREATMENT FACILITIES.
110000915243,NPDES,FL0020401,BIOSOLIDS,221320,SECONDARY,SEWAGE TREATMENT FACILITIES.
110000915305,NPDES,FL0034649,BIOSOLIDS,221320,SECONDARY,SEWAGE TREATMENT FACILITIES.
110002040327,NPDES,FL0029033,BIOSOLIDS,221320,SECONDARY,SEWAGE TREATMENT FACILITIES.
110006366896,NPDES,FL0039721,BIOSOLIDS,221320,SECONDARY,SEWAGE TREATMENT FACILITIES.
110006645274,NPDES,FL0038555,BIOSOLIDS,221320,SECONDARY,SEWAGE TREATMENT FACILITIES.
110006659188,NPDES,FL0040665,BIOSOLIDS,221320,SECONDARY,SEWAGE TREATMENT FACILITIES.
110006778629,NPDES,FL0040291,BIOSOLIDS,221320,SECONDARY,SEWAGE TREATMENT FACILITIES.
110007433438,NPDES,FL0024805,BIOSOLIDS,221320,SECONDARY,SEWAGE TREATMENT FACILITIES.
110007454165,NPDES,FL0021857,BIOSOLIDS,221320,SECONDARY,SEWAGE TREATMENT FACILITIES.
110009073448,NPDES,FL0023493,BIOSOLIDS,221320,SECONDARY,SEWAGE TREATMENT FACILITIES.
110009079718,NPDES,FL0041441,BIOSOLIDS,221320,SECONDARY,SEWAGE TREATMENT FACILITIES.
110014413107,NPDES,FL0023922,BIOSOLIDS,221320,SECONDARY,SEWAGE TREATMENT FACILITIES.
110018936552,NPDES,FL0027511,BIOSOLIDS,221320,SECONDARY,SEWAGE TREATMENT FACILITIES.
110020172908,NPDES,FL0021261,BIOSOLIDS,221320,SECONDARY,SEWAGE TREATMENT FACILITIES.
110022318446,NPDES,FL0026000,BIOSOLIDS,488119,SECONDARY,OTHER AIRPORT OPERATIONS.
110022318446,NPDES,FL0026000,BIOSOLIDS,221320,SECONDARY,SEWAGE TREATMENT FACILITIES.
110027947587,NPDES,FL0027880,BIOSOLIDS,221320,SECONDARY,SEWAGE TREATMENT FACILITIES.
110027948755,NPDES,FL0020141,BIOSOLIDS,221320,SECONDARY,SEWAGE TREATMENT FACILITIES.
110027961668,NPDES,FL0021466,BIOSOLIDS,221320,SECONDARY,SEWAGE TREATMENT FACILITIES.
110027962373,NPDES,FL0026271,BIOSOLIDS,221320,SECONDARY,SEWAGE TREATMENT FACILITIES.
110027962514,NPDES,FL0026603,BIOSOLIDS,221320,SECONDARY,SEWAGE TREATMENT FACILITIES.
110027969786,NPDES,FL0021571,BIOSOLIDS,221320,SECONDARY,SEWAGE TREATMENT FACILITIES.
110027970319,NPDES,FL0040398,BIOSOLIDS,221320,SECONDARY,SEWAGE TREATMENT FACILITIES.
110027971595,NPDES,FL0021431,BIOSOLIDS,221320,SECONDARY,SEWAGE TREATMENT FACILITIES.
110035505361,NPDES,FL0039772,BIOSOLIDS,221320,SECONDARY,SEWAGE TREATMENT FACILITIES.
110035603745,NPDES,FL0026441,BIOSOLIDS,221320,SECONDARY,SEWAGE TREATMENT FACILITIES.
110037313010,NPDES,FL0025151,BIOSOLIDS,221320,SECONDARY,SEWAGE TREATMENT FACILITIES.
110039823572,NPDES,FL0033251,BIOSOLIDS,221320,SECONDARY,SEWAGE TREATMENT FACILITIES.
110039826221,NPDES,FL0041424,BIOSOLIDS,221320,SECONDARY,SEWAGE TREATMENT FACILITIES.
110039873009,NPDES,FL0020338,BIOSOLIDS,221320,SECONDARY,SEWAGE TREATMENT FACILITIES.
110046323858,NPDES,FL0040541,BIOSOLIDS,221320,SECONDARY,SEWAGE TREATMENT FACILITIES.
110064612879,NPDES,FL0031771,BIOSOLIDS,221320,SECONDARY,SEWAGE TREATMENT FACILITIES.
110064643818,NPDES,FL0021938,BIOSOLIDS,221320,SECONDARY,SEWAGE TREATMENT FACILITIES.
110000508772,NPDES,GA0024091,BIOSOLIDS,221320,PRIMARY,SEWAGE TREATMENT FACILITIES.
110000518645,NPDES,GA0021156,BIOSOLIDS,221320,PRIMARY,SEWAGE TREATMENT FACILITIES.
110000520482,NPDES,GA0020168,BIOSOLIDS,221320,PRIMARY,SEWAGE TREATMENT FACILITIES.
110000520525,NPDES,GA0030791,BIOSOLIDS,221320,PRIMARY,SEWAGE TREATMENT FACILITIES.
110006366930,NPDES,GA0020575,BIOSOLIDS,221320,PRIMARY,SEWAGE TREATMENT FACILITIES.
110006644300,NPDES,GA0020486,BIOSOLIDS,221320,PRIMARY,SEWAGE TREATMENT FACILITIES.
110006644532,NPDES,GA0032051,BIOSOLIDS,221320,PRIMARY,SEWAGE TREATMENT FACILITIES.
110006777924,NPDES,GA0025631,BIOSOLIDS,221320,PRIMARY,SEWAGE TREATMENT FACILITIES.
110009358015,NPDES,GA0026140,BIOSOLIDS,221320,PRIMARY,SEWAGE TREATMENT FACILITIES.
110010040945,NPDES,GA0025682,BIOSOLIDS,221320,PRIMARY,SEWAGE TREATMENT FACILITIES.
110010041089,NPDES,GA0024431,BIOSOLIDS,221320,PRIMARY,SEWAGE TREATMENT FACILITIES.
110010041560,NPDES,GA0021831,BIOSOLIDS,221320,PRIMARY,SEWAGE TREATMENT FACILITIES.
110017441687,NPDES,GA0032328,BIOSOLIDS,221320,PRIMARY,SEWAGE TREATMENT FACILITIES.
110035853911,NPDES,GA0046655,BIOSOLIDS,221320,PRIMARY,SEWAGE TREATMENT FACILITIES.
110035853911,NPDES,GA0046655,BIOSOLIDS,926130,PRIMARY,"REGULATION AND ADMINISTRATION OF COMMUNICATIONS, ELECTRIC, GAS, AND OTHER UTILITIES."
110039845772,NPDES,GA0020974,BIOSOLIDS,221320,PRIMARY,SEWAGE TREATMENT FACILITIES.
110039857385,NPDES,GA0025674,BIOSOLIDS,221320,PRIMARY,SEWAGE TREATMENT FACILITIES.
110039857385,NPDES,GA0025674,BIOSOLIDS,331316,PRIMARY,ALUMINUM EXTRUDED PRODUCT MANUFACTURING.
110039874035,NPDES,GA0035777,BIOSOLIDS,221320,PRIMARY,SEWAGE TREATMENT FACILITIES.
110064420933,NPDES,GA0046451,BIOSOLIDS,221320,PRIMARY,SEWAGE TREATMENT FACILITIES.
110064421601,NPDES,GA0033235,BIOSOLIDS,221320,PRIMARY,SEWAGE TREATMENT FACILITIES.
110064597388,NPDES,GA0035807,BIOSOLIDS,221320,PRIMARY,SEWAGE TREATMENT FACILITIES.
110064610675,NPDES,GA0021041,BIOSOLIDS,221320,PRIMARY,SEWAGE TREATMENT FACILITIES.
110064621967,NPDES,GA0020214,BIOSOLIDS,221320,PRIMARY,SEWAGE TREATMENT FACILITIES.
110064640508,NPDES,GA0024074,BIOSOLIDS,221320,PRIMARY,SEWAGE TREATMENT FACILITIES.
110064649876,NPDES,GA0047201,BIOSOLIDS,221320,PRIMARY,SEWAGE TREATMENT FACILITIES.
110000509209,NPDES,IA0070866,BIOSOLIDS,221320,PRIMARY,SEWAGE TREATMENT FACILITIES.
110000525566,NPDES,IA0043095,BIOSOLIDS,221320,PRIMARY,SEWAGE TREATMENT FACILITIES.
110000529955,NPDES,IA0021946,BIOSOLIDS,221320,PRIMARY,SEWAGE TREATMENT FACILITIES.
110000731272,NPDES,IA0027669,BIOSOLIDS,221320,PRIMARY,SEWAGE TREATMENT FACILITIES.
110000731281,NPDES,IA0035076,BIOSOLIDS,221320,PRIMARY,SEWAGE TREATMENT FACILITIES.
110000731307,NPDES,IA0059765,BIOSOLIDS,221320,PRIMARY,SEWAGE TREATMENT FACILITIES.
110000789479,NPDES,IA0023434,BIOSOLIDS,221320,PRIMARY,SEWAGE TREATMENT FACILITIES.
110001123196,NPDES,IA0031186,BIOSOLIDS,221320,PRIMARY,SEWAGE TREATMENT FACILITIES.
110001123203,NPDES,IA0035947,BIOSOLIDS,221320,PRIMARY,SEWAGE TREATMENT FACILITIES.
110001123212,NPDES,IA0036633,BIOSOLIDS,221320,PRIMARY,SEWAGE TREATMENT FACILITIES.
110001123221,NPDES,IA0036641,BIOSOLIDS,221320,PRIMARY,SEWAGE TREATMENT FACILITIES.
110001123230,NPDES,IA0038610,BIOSOLIDS,221320,PRIMARY,SEWAGE TREATMENT FACILITIES.
110001362034,NPDES,IA0058611,BIOSOLIDS,221320,PRIMARY,SEWAGE TREATMENT FACILITIES.
110001962840,NPDES,IA0042650,BIOSOLIDS,221320,PRIMARY,SEWAGE TREATMENT FACILITIES.
110001965464,NPDES,IA0021369,BIOSOLIDS,221320,PRIMARY,SEWAGE TREATMENT FACILITIES.
110001967738,NPDES,IA0022055,BIOSOLIDS,221320,PRIMARY,SEWAGE TREATMENT FACILITIES.
110002039892,NPDES,IA0024481,BIOSOLIDS,221320,PRIMARY,SEWAGE TREATMENT FACILITIES.
110002039918,NPDES,IA0035955,BIOSOLIDS,221320,PRIMARY,SEWAGE TREATMENT FACILITIES.
110002039954,NPDES,IA0034291,BIOSOLIDS,221320,PRIMARY,SEWAGE TREATMENT FACILITIES.
110002039981,NPDES,IA0035866,BIOSOLIDS,221320,PRIMARY,SEWAGE TREATMENT FACILITIES.
110002040005,NPDES,IA0027723,BIOSOLIDS,221320,PRIMARY,SEWAGE TREATMENT FACILITIES.
110002040014,NPDES,IA0028924,BIOSOLIDS,221320,PRIMARY,SEWAGE TREATMENT FACILITIES.
110002040050,NPDES,IA0033081,BIOSOLIDS,221320,PRIMARY,SEWAGE TREATMENT FACILITIES.
110002040103,NPDES,IA0020788,BIOSOLIDS,221320,PRIMARY,SEWAGE TREATMENT FACILITIES.
110002040130,NPDES,IA0023744,BIOSOLIDS,221320,PRIMARY,SEWAGE TREATMENT FACILITIES.
110002040149,NPDES,IA0025895,BIOSOLIDS,221320,PRIMARY,SEWAGE TREATMENT FACILITIES.
110002043280,NPDES,IA0065404,BIOSOLIDS,221320,PRIMARY,SEWAGE TREATMENT FACILITIES.
110002043299,NPDES,IA0040266,BIOSOLIDS,221320,PRIMARY,SEWAGE TREATMENT FACILITIES.
110002043324,NPDES,IA0028525,BIOSOLIDS,221320,PRIMARY,SEWAGE TREATMENT FACILITIES.
110002043379,NPDES,IA0035220,BIOSOLIDS,221320,PRIMARY,SEWAGE TREATMENT FACILITIES.
110002043495,NPDES,IA0058441,BIOSOLIDS,221320,PRIMARY,SEWAGE TREATMENT FACILITIES.
110002045670,NPDES,IA0031691,BIOSOLIDS,221320,PRIMARY,SEWAGE TREATMENT FACILITIES.
110005734866,NPDES,IA0032433,BIOSOLIDS,221320,PRIMARY,SEWAGE TREATMENT FACILITIES.
110005759465,NPDES,IA0043079,BIOSOLIDS,221320,PRIMARY,SEWAGE TREATMENT FACILITIES.
110005779327,NPDES,IA0025933,BIOSOLIDS,221320,PRIMARY,SEWAGE TREATMENT FACILITIES.
110006621566,NPDES,IA0021334,BIOSOLIDS,221320,PRIMARY,SEWAGE TREATMENT FACILITIES.
110006621600,NPDES,IA0021342,BIOSOLIDS,221320,PRIMARY,SEWAGE TREATMENT FACILITIES.
110006621637,NPDES,IA0033197,BIOSOLIDS,221320,PRIMARY,SEWAGE TREATMENT FACILITIES.
110006645862,NPDES,IA0043681,BIOSOLIDS,221320,PRIMARY,SEWAGE TREATMENT FACILITIES.
110009248402,NPDES,IA0032484,BIOSOLIDS,221320,PRIMARY,SEWAGE TREATMENT FACILITIES.
110009360609,NPDES,IA0021059,BIOSOLIDS,221320,PRIMARY,SEWAGE TREATMENT FACILITIES.
110009362073,NPDES,IA0044849,BIOSOLIDS,221320,PRIMARY,SEWAGE TREATMENT FACILITIES.
110009723521,NPDES,IA0023710,BIOSOLIDS,221320,PRIMARY,SEWAGE TREATMENT FACILITIES.
110009723558,NPDES,IA0021377,BIOSOLIDS,221320,PRIMARY,SEWAGE TREATMENT FACILITIES.
110010031438,NPDES,IA0023582,BIOSOLIDS,221320,PRIMARY,SEWAGE TREATMENT FACILITIES.
110010034319,NPDES,IA0035271,BIOSOLIDS,221320,PRIMARY,SEWAGE TREATMENT FACILITIES.
110010034738,NPDES,IA0034380,BIOSOLIDS,221320,PRIMARY,SEWAGE TREATMENT FACILITIES.
110010035283,NPDES,IA0032794,BIOSOLIDS,221320,PRIMARY,SEWAGE TREATMENT FACILITIES.
110010035443,NPDES,IA0029025,BIOSOLIDS,221320,PRIMARY,SEWAGE TREATMENT FACILITIES.
110010035719,NPDES,IA0027464,BIOSOLIDS,221320,PRIMARY,SEWAGE TREATMENT FACILITIES.
110010035728,NPDES,IA0027472,BIOSOLIDS,221320,PRIMARY,SEWAGE TREATMENT FACILITIES.
110010036157,NPDES,IA0023345,BIOSOLIDS,221320,PRIMARY,SEWAGE TREATMENT FACILITIES.
110010036521,NPDES,IA0021563,BIOSOLIDS,221320,PRIMARY,SEWAGE TREATMENT FACILITIES.
110010036530,NPDES,IA0021580,BIOSOLIDS,221320,PRIMARY,SEWAGE TREATMENT FACILITIES.
110010661729,NPDES,IA0044458,BIOSOLIDS,221320,PRIMARY,SEWAGE TREATMENT FACILITIES.
110010829121,NPDES,IA0043052,BIOSOLIDS,221320,PRIMARY,SEWAGE TREATMENT FACILITIES.
110011869246,NPDES,IA0044130,BIOSOLIDS,221320,PRIMARY,SEWAGE TREATMENT FACILITIES.
110012460185,NPDES,IA0042641,BIOSOLIDS,221320,PRIMARY,SEWAGE TREATMENT FACILITIES.
110012753225,NPDES,IA0057169,BIOSOLIDS,221320,PRIMARY,SEWAGE TREATMENT FACILITIES.
110036159304,NPDES,IA0032662,BIOSOLIDS,221320,PRIMARY,SEWAGE TREATMENT FACILITIES.
110036162096,NPDES,IA0032328,BIOSOLIDS,221320,PRIMARY,SEWAGE TREATMENT FACILITIES.
110036348770,NPDES,IA0043869,BIOSOLIDS,221320,PRIMARY,SEWAGE TREATMENT FACILITIES.
110036367856,NPDES,IA0023302,BIOSOLIDS,221320,PRIMARY,SEWAGE TREATMENT FACILITIES.
110036383829,NPDES,IA0033731,BIOSOLIDS,221320,PRIMARY,SEWAGE TREATMENT FACILITIES.
110036385088,NPDES,IA0031704,BIOSOLIDS,221320,PRIMARY,SEWAGE TREATMENT FACILITIES.
110039691429,NPDES,IA0061891,BIOSOLIDS,221320,PRIMARY,SEWAGE TREATMENT FACILITIES.
110039984568,NPDES,IA0022039,BIOSOLIDS,221320,PRIMARY,SEWAGE TREATMENT FACILITIES.
110039986423,NPDES,IA0035238,BIOSOLIDS,221320,PRIMARY,SEWAGE TREATMENT FACILITIES.
110039987609,NPDES,IA0035939,BIOSOLIDS,221320,PRIMARY,SEWAGE TREATMENT FACILITIES.
110039987645,NPDES,IA0024511,BIOSOLIDS,221320,PRIMARY,SEWAGE TREATMENT FACILITIES.
110039988494,NPDES,IA0036536,BIOSOLIDS,221320,PRIMARY,SEWAGE TREATMENT FACILITIES.
110039988948,NPDES,IA0026034,BIOSOLIDS,221320,PRIMARY,SEWAGE TREATMENT FACILITIES.
110039989019,NPDES,IA0047970,BIOSOLIDS,221320,PRIMARY,SEWAGE TREATMENT FACILITIES.
110039989171,NPDES,IA0032905,BIOSOLIDS,221320,PRIMARY,SEWAGE TREATMENT FACILITIES.
110039989411,NPDES,IA0041815,BIOSOLIDS,221320,PRIMARY,SEWAGE TREATMENT FACILITIES.
110039989439,NPDES,IA0038539,BIOSOLIDS,221320,PRIMARY,SEWAGE TREATMENT FACILITIES.
110039989457,NPDES,IA0038521,BIOSOLIDS,221320,PRIMARY,SEWAGE TREATMENT FACILITIES.
110039997126,NPDES,IA0035891,BIOSOLIDS,221320,PRIMARY,SEWAGE TREATMENT FACILITIES.
110039998580,NPDES,IA0036625,BIOSOLIDS,221320,PRIMARY,SEWAGE TREATMENT FACILITIES.
110040009914,NPDES,IA0036510,BIOSOLIDS,221320,PRIMARY,SEWAGE TREATMENT FACILITIES.
110040468605,NPDES,IA0032344,BIOSOLIDS,221320,PRIMARY,SEWAGE TREATMENT FACILITIES.
110043869016,NPDES,IA0042609,BIOSOLIDS,221320,PRIMARY,SEWAGE TREATMENT FACILITIES.
110044358263,NPDES,IA0058076,BIOSOLIDS,221320,PRIMARY,SEWAGE TREATMENT FACILITIES.
110000509398,NPDES,ID0021784,BIOSOLIDS,221320,PRIMARY,SEWAGE TREATMENT FACILITIES.
110000520188,NPDES,ID0021261,BIOSOLIDS,221320,PRIMARY,SEWAGE TREATMENT FACILITIES.
110000761667,NPDES,ID0020672,BIOSOLIDS,221320,PRIMARY,SEWAGE TREATMENT FACILITIES.
110000916135,NPDES,ID0020443,BIOSOLIDS,221320,PRIMARY,SEWAGE TREATMENT FACILITIES.
110009689961,NPDES,ID0021300,BIOSOLIDS,221320,PRIMARY,SEWAGE TREATMENT FACILITIES.
110009725814,NPDES,ID0020231,BIOSOLIDS,221320,PRIMARY,SEWAGE TREATMENT FACILITIES.
110010026890,NPDES,ID0022063,BIOSOLIDS,221320,PRIMARY,SEWAGE TREATMENT FACILITIES.
110010026943,NPDES,ID0022853,BIOSOLIDS,221320,PRIMARY,SEWAGE TREATMENT FACILITIES.
110010027041,NPDES,ID0024422,BIOSOLIDS,221320,PRIMARY,SEWAGE TREATMENT FACILITIES.
110010027167,NPDES,ID0021199,BIOSOLIDS,221320,PRIMARY,SEWAGE TREATMENT FACILITIES.
110010027318,NPDES,ID0020150,BIOSOLIDS,221320,PRIMARY,SEWAGE TREATMENT FACILITIES.
110010027327,NPDES,ID0020168,BIOSOLIDS,221320,PRIMARY,SEWAGE TREATMENT FACILITIES.
110010027336,NPDES,ID0020176,BIOSOLIDS,221320,PRIMARY,SEWAGE TREATMENT FACILITIES.
110010027354,NPDES,ID0020214,BIOSOLIDS,221320,PRIMARY,SEWAGE TREATMENT FACILITIES.
110010027372,NPDES,ID0020281,BIOSOLIDS,221320,PRIMARY,SEWAGE TREATMENT FACILITIES.
110010027381,NPDES,ID0020303,BIOSOLIDS,221320,PRIMARY,SEWAGE TREATMENT FACILITIES.
110010027540,NPDES,ID0020028,BIOSOLIDS,221320,PRIMARY,SEWAGE TREATMENT FACILITIES.
110012529184,NPDES,ID0020818,BIOSOLIDS,221320,PRIMARY,SEWAGE TREATMENT FACILITIES.
110037117722,NPDES,ID0020192,BIOSOLIDS,221320,PRIMARY,SEWAGE TREATMENT FACILITIES.
110039977102,NPDES,ID0021270,BIOSOLIDS,221320,PRIMARY,SEWAGE TREATMENT FACILITIES.
110039977344,NPDES,ID0022446,BIOSOLIDS,221320,PRIMARY,SEWAGE TREATMENT FACILITIES.
110039983417,NPDES,ID0021504,BIOSOLIDS,221320,PRIMARY,SEWAGE TREATMENT FACILITIES.
110039983505,NPDES,ID0021491,BIOSOLIDS,221320,PRIMARY,SEWAGE TREATMENT FACILITIES.
110046365330,NPDES,ID0020842,BIOSOLIDS,221320,PRIMARY,SEWAGE TREATMENT FACILITIES.
110064583142,NPDES,ID0026590,BIOSOLIDS,221320,PRIMARY,SEWAGE TREATMENT FACILITIES.
110002045750,NPDES,KS0034011,BIOSOLIDS,221320,PRIMARY,SEWAGE TREATMENT FACILITIES.
110002045812,NPDES,KS0038644,BIOSOLIDS,221320,PRIMARY,SEWAGE TREATMENT FACILITIES.
110002045830,NPDES,KS0050377,BIOSOLIDS,221320,PRIMARY,SEWAGE TREATMENT FACILITIES.
110006763993,NPDES,KS0049751,BIOSOLIDS,221320,PRIMARY,SEWAGE TREATMENT FACILITIES.
110009741627,NPDES,KS0022250,BIOSOLIDS,221320,PRIMARY,SEWAGE TREATMENT FACILITIES.
110009742065,NPDES,KS0090671,BIOSOLIDS,221320,PRIMARY,SEWAGE TREATMENT FACILITIES.
110009968099,NPDES,KS0031143,BIOSOLIDS,221320,PRIMARY,SEWAGE TREATMENT FACILITIES.
110011220892,NPDES,KS0094561,BIOSOLIDS,221320,PRIMARY,SEWAGE TREATMENT FACILITIES.
110011221588,NPDES,KS0094382,BIOSOLIDS,221320,PRIMARY,SEWAGE TREATMENT FACILITIES.
110011222088,NPDES,KS0092258,BIOSOLIDS,221320,PRIMARY,SEWAGE TREATMENT FACILITIES.
110011222319,NPDES,KS0092720,BIOSOLIDS,221320,PRIMARY,SEWAGE TREATMENT FACILITIES.
110011224601,NPDES,KS0081108,BIOSOLIDS,221320,PRIMARY,SEWAGE TREATMENT FACILITIES.
110011226208,NPDES,KS0026263,BIOSOLIDS,221320,PRIMARY,SEWAGE TREATMENT FACILITIES.
110011226217,NPDES,KS0026441,BIOSOLIDS,221320,PRIMARY,SEWAGE TREATMENT FACILITIES.
110011226262,NPDES,KS0027481,BIOSOLIDS,221320,PRIMARY,SEWAGE TREATMENT FACILITIES.
110011226315,NPDES,KS0027553,BIOSOLIDS,221320,PRIMARY,SEWAGE TREATMENT FACILITIES.
110011226388,NPDES,KS0022730,BIOSOLIDS,221320,PRIMARY,SEWAGE TREATMENT FACILITIES.
110011226404,NPDES,KS0022799,BIOSOLIDS,221320,PRIMARY,SEWAGE TREATMENT FACILITIES.
110011226716,NPDES,KS0022632,BIOSOLIDS,221320,PRIMARY,SEWAGE TREATMENT FACILITIES.
110017445040,NPDES,KS0095605,BIOSOLIDS,221320,PRIMARY,SEWAGE TREATMENT FACILITIES.
110020842310,NPDES,KS0096598,BIOSOLIDS,928110,PRIMARY,NATIONAL SECURITY.
110022850547,NPDES,KS0097667,BIOSOLIDS,221320,PRIMARY,SEWAGE TREATMENT FACILITIES.
110028289821,NPDES,KS0098698,BIOSOLIDS,221320,PRIMARY,SEWAGE TREATMENT FACILITIES.
110028289830,NPDES,KS0098752,BIOSOLIDS,221320,PRIMARY,SEWAGE TREATMENT FACILITIES.
110037936179,NPDES,KS0098647,BIOSOLIDS,488119,PRIMARY,OTHER AIRPORT OPERATIONS.
110039146171,NPDES,KS0099074,BIOSOLIDS,221320,PRIMARY,SEWAGE TREATMENT FACILITIES.
110039404846,NPDES,KS0098485,BIOSOLIDS,221320,PRIMARY,SEWAGE TREATMENT FACILITIES.
110039991569,NPDES,KS0038962,BIOSOLIDS,221320,PRIMARY,SEWAGE TREATMENT FACILITIES.
110039996083,NPDES,KS0039128,BIOSOLIDS,221320,PRIMARY,SEWAGE TREATMENT FACILITIES.
110039999197,NPDES,KS0090921,BIOSOLIDS,221320,PRIMARY,SEWAGE TREATMENT FACILITIES.
110066936506,NPDES,KS0097560,BIOSOLIDS,221320,PRIMARY,SEWAGE TREATMENT FACILITIES.
110000571373,NPDES,KY0022039,BIOSOLIDS,221320,PRIMARY,SEWAGE TREATMENT FACILITIES.
110000577126,NPDES,KY0022934,BIOSOLIDS,221320,PRIMARY,SEWAGE TREATMENT FACILITIES.
110000732226,NPDES,KY0020621,BIOSOLIDS,221320,PRIMARY,SEWAGE TREATMENT FACILITIES.
110000732235,NPDES,KY0020711,BIOSOLIDS,221320,PRIMARY,SEWAGE TREATMENT FACILITIES.
110000732262,NPDES,KY0022403,BIOSOLIDS,221320,PRIMARY,SEWAGE TREATMENT FACILITIES.
110000732299,NPDES,KY0022861,BIOSOLIDS,221320,PRIMARY,SEWAGE TREATMENT FACILITIES.
110000732333,NPDES,KY0028401,BIOSOLIDS,221320,PRIMARY,SEWAGE TREATMENT FACILITIES.
110000759714,NPDES,KY0022411,BIOSOLIDS,221320,PRIMARY,SEWAGE TREATMENT FACILITIES.
110000761104,NPDES,KY0020257,BIOSOLIDS,221320,PRIMARY,SEWAGE TREATMENT FACILITIES.
110006367127,NPDES,KY0021067,BIOSOLIDS,221320,PRIMARY,SEWAGE TREATMENT FACILITIES.
110006644792,NPDES,KY0048348,BIOSOLIDS,221320,PRIMARY,SEWAGE TREATMENT FACILITIES.
110006644907,NPDES,KY0028428,BIOSOLIDS,221320,PRIMARY,SEWAGE TREATMENT FACILITIES.
110006752399,NPDES,KY0021008,BIOSOLIDS,221320,PRIMARY,SEWAGE TREATMENT FACILITIES.
110010784516,NPDES,KY0072885,BIOSOLIDS,221320,PRIMARY,SEWAGE TREATMENT FACILITIES.
110039705049,NPDES,KY0020974,BIOSOLIDS,221320,PRIMARY,SEWAGE TREATMENT FACILITIES.
110040000110,NPDES,KY0026611,BIOSOLIDS,221320,PRIMARY,SEWAGE TREATMENT FACILITIES.
110040010564,NPDES,KY0024783,BIOSOLIDS,221320,PRIMARY,SEWAGE TREATMENT FACILITIES.
110043734983,NPDES,KY0073377,BIOSOLIDS,221320,PRIMARY,SEWAGE TREATMENT FACILITIES.
110045063346,NPDES,KY0021504,BIOSOLIDS,221320,PRIMARY,SEWAGE TREATMENT FACILITIES.
110045085457,NPDES,KY0052752,BIOSOLIDS,221320,PRIMARY,SEWAGE TREATMENT FACILITIES.
110045516189,NPDES,KY0023388,BIOSOLIDS,221320,PRIMARY,SEWAGE TREATMENT FACILITIES.
110064641268,NPDES,KY0021491,BIOSOLIDS,221320,PRIMARY,SEWAGE TREATMENT FACILITIES.
110006618650,NPDES,ME0100315,BIOSOLIDS,221320,PRIMARY,SEWAGE TREATMENT FACILITIES.
110040046919,NPDES,MIG960063,BIOSOLIDS,325311,PRIMARY,NITROGENOUS FERTILIZER MANUFACTURING.
110000542315,NPDES,MS0043141,BIOSOLIDS,221320,PRIMARY,SEWAGE TREATMENT FACILITIES.
110000705577,NPDES,MS0020117,BIOSOLIDS,221320,PRIMARY,SEWAGE TREATMENT FACILITIES.
110000733984,NPDES,MS0029017,BIOSOLIDS,221320,PRIMARY,SEWAGE TREATMENT FACILITIES.
110002208307,NPDES,MS0027847,BIOSOLIDS,221320,PRIMARY,SEWAGE TREATMENT FACILITIES.
110002227956,NPDES,MS0023159,BIOSOLIDS,221320,PRIMARY,SEWAGE TREATMENT FACILITIES.
110008514704,NPDES,MS0020371,BIOSOLIDS,221320,PRIMARY,SEWAGE TREATMENT FACILITIES.
110000571337,NPDES,MTG650008,BIOSOLIDS,221320,PRIMARY,SEWAGE TREATMENT FACILITIES.
110000734073,NPDES,MTG650010,BIOSOLIDS,221320,PRIMARY,SEWAGE TREATMENT FACILITIES.
110009416578,NPDES,MTG650033,BIOSOLIDS,221320,PRIMARY,SEWAGE TREATMENT FACILITIES.
110011046947,NPDES,MTG650011,BIOSOLIDS,221320,PRIMARY,SEWAGE TREATMENT FACILITIES.
110011046974,NPDES,MTG650030,BIOSOLIDS,221320,PRIMARY,SEWAGE TREATMENT FACILITIES.
110011046992,NPDES,MTG650002,BIOSOLIDS,221320,PRIMARY,SEWAGE TREATMENT FACILITIES.
110012377793,NPDES,MTG650003,BIOSOLIDS,221320,PRIMARY,SEWAGE TREATMENT FACILITIES.
110013675576,NPDES,MTG650007,BIOSOLIDS,221320,PRIMARY,SEWAGE TREATMENT FACILITIES.
110020257586,NPDES,MTG650031,BIOSOLIDS,221320,PRIMARY,SEWAGE TREATMENT FACILITIES.
110035856204,NPDES,MTG650056,BIOSOLIDS,221320,PRIMARY,SEWAGE TREATMENT FACILITIES.
110035856213,NPDES,MTG650058,BIOSOLIDS,221320,PRIMARY,SEWAGE TREATMENT FACILITIES.
110039895414,NPDES,MTG650005,BIOSOLIDS,221320,PRIMARY,SEWAGE TREATMENT FACILITIES.
110040683249,NPDES,MTG650021,BIOSOLIDS,221320,PRIMARY,SEWAGE TREATMENT FACILITIES.
110043213448,NPDES,MTG650004,BIOSOLIDS,221320,PRIMARY,SEWAGE TREATMENT FACILITIES.
110043744124,NPDES,MTG650037,BIOSOLIDS,221320,PRIMARY,SEWAGE TREATMENT FACILITIES.
110043744160,NPDES,MTG650045,BIOSOLIDS,221320,PRIMARY,SEWAGE TREATMENT FACILITIES.
110046297333,NPDES,MTG650074,BIOSOLIDS,221320,PRIMARY,SEWAGE TREATMENT FACILITIES.
110055482712,NPDES,MTG650006,BIOSOLIDS,221320,PRIMARY,SEWAGE TREATMENT FACILITIES.
110055482749,NPDES,MTG650009,BIOSOLIDS,221320,PRIMARY,SEWAGE TREATMENT FACILITIES.
110055482767,NPDES,MTG650012,BIOSOLIDS,221320,PRIMARY,SEWAGE TREATMENT FACILITIES.
110055482785,NPDES,MTG650020,BIOSOLIDS,221320,PRIMARY,SEWAGE TREATMENT FACILITIES.
110055482883,NPDES,MTG650043,BIOSOLIDS,221320,PRIMARY,SEWAGE TREATMENT FACILITIES.
110055482892,NPDES,MTG650044,BIOSOLIDS,221320,PRIMARY,SEWAGE TREATMENT FACILITIES.
110055482909,NPDES,MTG650065,BIOSOLIDS,221320,PRIMARY,SEWAGE TREATMENT FACILITIES.
110056411333,NPDES,MTG650001,BIOSOLIDS,221320,PRIMARY,SEWAGE TREATMENT FACILITIES.
110056982715,NPDES,MTG650024,BIOSOLIDS,221320,PRIMARY,SEWAGE TREATMENT FACILITIES.
110000549737,NPDES,NDG650001,BIOSOLIDS,221320,PRIMARY,SEWAGE TREATMENT FACILITIES.
110017358599,NPDES,NDG650004,BIOSOLIDS,221320,PRIMARY,SEWAGE TREATMENT FACILITIES.
110022358072,NPDES,ND0022896,BIOSOLIDS,221320,PRIMARY,SEWAGE TREATMENT FACILITIES.
110022359160,NPDES,ND0021211,BIOSOLIDS,221320,PRIMARY,SEWAGE TREATMENT FACILITIES.
110022362904,NPDES,ND0020559,BIOSOLIDS,221310,SECONDARY,WATER SUPPLY AND IRRIGATION SYSTEMS.
110022362904,NPDES,ND0020559,BIOSOLIDS,221320,PRIMARY,SEWAGE TREATMENT FACILITIES.
110049927760,NPDES,NDG650003,BIOSOLIDS,221320,PRIMARY,SEWAGE TREATMENT FACILITIES.
110056187406,NPDES,ND0023175,BIOSOLIDS,221320,PRIMARY,SEWAGE TREATMENT FACILITIES.
110056216036,NPDES,ND0022616,BIOSOLIDS,221320,PRIMARY,SEWAGE TREATMENT FACILITIES.
110056216036,NPDES,ND0022616,BIOSOLIDS,221310,SECONDARY,WATER SUPPLY AND IRRIGATION SYSTEMS.
110000539329,NPDES,OK0026221,BIOSOLIDS,221320,PRIMARY,SEWAGE TREATMENT FACILITIES.
110000544439,NPDES,OK0030333,BIOSOLIDS,221320,PRIMARY,SEWAGE TREATMENT FACILITIES.
110000577199,NPDES,OK0026077,BIOSOLIDS,221320,PRIMARY,SEWAGE TREATMENT FACILITIES.
110000715833,NPDES,OK0021563,BIOSOLIDS,221320,PRIMARY,SEWAGE TREATMENT FACILITIES.
110000721611,NPDES,OK0031011,BIOSOLIDS,221320,PRIMARY,SEWAGE TREATMENT FACILITIES.
110000753471,NPDES,OK0028037,BIOSOLIDS,221320,SECONDARY,SEWAGE TREATMENT FACILITIES.
110000756334,NPDES,OK0027049,BIOSOLIDS,221320,PRIMARY,SEWAGE TREATMENT FACILITIES.
110001644114,NPDES,OK0021628,BIOSOLIDS,221320,SECONDARY,SEWAGE TREATMENT FACILITIES.
110002046376,NPDES,OK0027561,BIOSOLIDS,221320,SECONDARY,SEWAGE TREATMENT FACILITIES.
110002046768,NPDES,OK0026051,BIOSOLIDS,221320,SECONDARY,SEWAGE TREATMENT FACILITIES.
110002047160,NPDES,OK0026638,BIOSOLIDS,221320,PRIMARY,SEWAGE TREATMENT FACILITIES.
110002047375,NPDES,OK0028151,BIOSOLIDS,221320,PRIMARY,SEWAGE TREATMENT FACILITIES.
110002047384,NPDES,OK0039063,BIOSOLIDS,221320,PRIMARY,SEWAGE TREATMENT FACILITIES.
110002047829,NPDES,OK0040479,BIOSOLIDS,221320,SECONDARY,SEWAGE TREATMENT FACILITIES.
110002049122,NPDES,OK0026018,BIOSOLIDS,221320,PRIMARY,SEWAGE TREATMENT FACILITIES.
110002049729,NPDES,OK0027391,BIOSOLIDS,221320,PRIMARY,SEWAGE TREATMENT FACILITIES.
110006617982,NPDES,OK0026026,BIOSOLIDS,221320,SECONDARY,SEWAGE TREATMENT FACILITIES.
110006644934,NPDES,OK0029084,BIOSOLIDS,221320,SECONDARY,SEWAGE TREATMENT FACILITIES.
110006698289,NPDES,OK0043974,BIOSOLIDS,221320,SECONDARY,SEWAGE TREATMENT FACILITIES.
110009154609,NPDES,OK0021521,BIOSOLIDS,221320,PRIMARY,SEWAGE TREATMENT FACILITIES.
110010283433,NPDES,OK0026964,BIOSOLIDS,221320,SECONDARY,SEWAGE TREATMENT FACILITIES.
110010650303,NPDES,OK0028134,BIOSOLIDS,221320,PRIMARY,SEWAGE TREATMENT FACILITIES.
110010699967,NPDES,OK0045713,BIOSOLIDS,221320,PRIMARY,SEWAGE TREATMENT FACILITIES.
110010774331,NPDES,OK0028266,BIOSOLIDS,221320,PRIMARY,SEWAGE TREATMENT FACILITIES.
110011007702,NPDES,OK0034509,BIOSOLIDS,221320,PRIMARY,SEWAGE TREATMENT FACILITIES.
110011007944,NPDES,OK0031798,BIOSOLIDS,221320,PRIMARY,SEWAGE TREATMENT FACILITIES.
110011008408,NPDES,OK0030341,BIOSOLIDS,221320,SECONDARY,SEWAGE TREATMENT FACILITIES.
110011008587,NPDES,OK0028169,BIOSOLIDS,221320,SECONDARY,SEWAGE TREATMENT FACILITIES.
110011008765,NPDES,OK0026701,BIOSOLIDS,221320,PRIMARY,SEWAGE TREATMENT FACILITIES.
110011009265,NPDES,OK0020281,BIOSOLIDS,221320,PRIMARY,SEWAGE TREATMENT FACILITIES.
110011009265,NPDES,OK0020281,BIOSOLIDS,221310,SECONDARY,WATER SUPPLY AND IRRIGATION SYSTEMS.
110011009773,NPDES,OK0020141,BIOSOLIDS,221320,PRIMARY,SEWAGE TREATMENT FACILITIES.
110011385599,NPDES,OK0020303,BIOSOLIDS,221320,PRIMARY,SEWAGE TREATMENT FACILITIES.
110020515030,NPDES,OK0030295,BIOSOLIDS,221320,PRIMARY,SEWAGE TREATMENT FACILITIES.
110022578673,NPDES,OK0040461,BIOSOLIDS,221320,PRIMARY,SEWAGE TREATMENT FACILITIES.
110022609676,NPDES,OK0026107,BIOSOLIDS,221320,PRIMARY,SEWAGE TREATMENT FACILITIES.
110022609738,NPDES,OK0026093,BIOSOLIDS,221320,PRIMARY,SEWAGE TREATMENT FACILITIES.
110022624873,NPDES,OK0021610,BIOSOLIDS,221320,PRIMARY,SEWAGE TREATMENT FACILITIES.
110022862053,NPDES,OK0040053,BIOSOLIDS,221320,SECONDARY,SEWAGE TREATMENT FACILITIES.
110039693025,NPDES,OK0026841,BIOSOLIDS,221320,PRIMARY,SEWAGE TREATMENT FACILITIES.
110039693043,NPDES,OK0038385,BIOSOLIDS,221320,SECONDARY,SEWAGE TREATMENT FACILITIES.
110039693043,NPDES,OK0036978,BIOSOLIDS,221320,PRIMARY,SEWAGE TREATMENT FACILITIES.
110039693052,NPDES,OK0042935,BIOSOLIDS,221320,SECONDARY,SEWAGE TREATMENT FACILITIES.
110039737158,NPDES,OK0026816,BIOSOLIDS,221320,SECONDARY,SEWAGE TREATMENT FACILITIES.
110039737372,NPDES,OK0026085,BIOSOLIDS,221320,PRIMARY,SEWAGE TREATMENT FACILITIES.
110039741606,NPDES,OK0020788,BIOSOLIDS,221320,PRIMARY,SEWAGE TREATMENT FACILITIES.
110039742099,NPDES,OK0022870,BIOSOLIDS,221320,SECONDARY,SEWAGE TREATMENT FACILITIES.
110039744952,NPDES,OK0030864,BIOSOLIDS,221320,PRIMARY,SEWAGE TREATMENT FACILITIES.
110039769364,NPDES,OK0026069,BIOSOLIDS,221320,PRIMARY,SEWAGE TREATMENT FACILITIES.
110039769391,NPDES,OK0037893,BIOSOLIDS,221320,SECONDARY,SEWAGE TREATMENT FACILITIES.
110039769453,NPDES,OK0027057,BIOSOLIDS,221320,PRIMARY,SEWAGE TREATMENT FACILITIES.
110039769578,NPDES,OK0027715,BIOSOLIDS,221320,PRIMARY,SEWAGE TREATMENT FACILITIES.
110064252026,NPDES,OK0026913,BIOSOLIDS,221320,PRIMARY,SEWAGE TREATMENT FACILITIES.
110064604637,NPDES,OK0100382,BIOSOLIDS,221320,PRIMARY,SEWAGE TREATMENT FACILITIES.
110064610773,NPDES,OK0027553,BIOSOLIDS,221320,SECONDARY,SEWAGE TREATMENT FACILITIES.
110064618025,NPDES,OK0026239,BIOSOLIDS,221320,PRIMARY,SEWAGE TREATMENT FACILITIES.
110000571747,NPDES,PAL026743,BIOSOLIDS,221320,SECONDARY,SEWAGE TREATMENT FACILITIES.
110000571747,NPDES,PAL026743,BIOSOLIDS,926130,PRIMARY,"REGULATION AND ADMINISTRATION OF COMMUNICATIONS, ELECTRIC, GAS, AND OTHER UTILITIES."
110000706941,NPDES,SC0024457,BIOSOLIDS,221320,PRIMARY,SEWAGE TREATMENT FACILITIES.
110002181987,NPDES,SC0021300,BIOSOLIDS,221320,PRIMARY,SEWAGE TREATMENT FACILITIES.
110016994369,NPDES,SC0038865,BIOSOLIDS,221320,PRIMARY,SEWAGE TREATMENT FACILITIES.
110000551670,NPDES,SDL022128,BIOSOLIDS,221320,PRIMARY,SEWAGE TREATMENT FACILITIES.
110000737677,NPDES,SDL023698,BIOSOLIDS,221320,PRIMARY,SEWAGE TREATMENT FACILITIES.
110002046928,NPDES,SDL020796,BIOSOLIDS,221320,PRIMARY,SEWAGE TREATMENT FACILITIES.
110006692203,NPDES,SDL024007,BIOSOLIDS,221320,PRIMARY,SEWAGE TREATMENT FACILITIES.
110006692686,NPDES,SDL020010,BIOSOLIDS,221320,PRIMARY,SEWAGE TREATMENT FACILITIES.
110006692702,NPDES,SDL020061,BIOSOLIDS,221320,PRIMARY,SEWAGE TREATMENT FACILITIES.
110006692711,NPDES,SDL020702,BIOSOLIDS,221320,PRIMARY,SEWAGE TREATMENT FACILITIES.
110006692739,NPDES,SDL023388,BIOSOLIDS,221320,PRIMARY,SEWAGE TREATMENT FACILITIES.
110006802549,NPDES,SDL020028,BIOSOLIDS,221320,PRIMARY,SEWAGE TREATMENT FACILITIES.
110009705079,NPDES,SDL020443,BIOSOLIDS,221320,PRIMARY,SEWAGE TREATMENT FACILITIES.
110009705159,NPDES,SDL023434,BIOSOLIDS,221320,PRIMARY,SEWAGE TREATMENT FACILITIES.
110009705346,NPDES,SDL020885,BIOSOLIDS,221320,PRIMARY,SEWAGE TREATMENT FACILITIES.
110009791902,NPDES,SDL021695,BIOSOLIDS,221320,PRIMARY,SEWAGE TREATMENT FACILITIES.
110009792518,NPDES,SDL020176,BIOSOLIDS,221320,PRIMARY,SEWAGE TREATMENT FACILITIES.
110009792545,NPDES,SDL023574,BIOSOLIDS,221320,PRIMARY,SEWAGE TREATMENT FACILITIES.
110013002286,NPDES,SDL020044,BIOSOLIDS,221320,PRIMARY,SEWAGE TREATMENT FACILITIES.
110014362974,NPDES,SDL023396,BIOSOLIDS,221320,PRIMARY,SEWAGE TREATMENT FACILITIES.
110046338655,NPDES,SDL028611,BIOSOLIDS,221320,PRIMARY,SEWAGE TREATMENT FACILITIES.
110064246640,NPDES,SDL023370,BIOSOLIDS,221320,PRIMARY,SEWAGE TREATMENT FACILITIES.
110064285982,NPDES,SDL020371,BIOSOLIDS,221320,PRIMARY,SEWAGE TREATMENT FACILITIES.
110070105446,NPDES,SDL021768,BIOSOLIDS,221320,SECONDARY,SEWAGE TREATMENT FACILITIES.
110009492307,NPDES,TN0023582,BIOSOLIDS,221320,PRIMARY,SEWAGE TREATMENT FACILITIES.
110000470062,NPDES,UT0020222,BIOSOLIDS,221320,PRIMARY,SEWAGE TREATMENT FACILITIES.
110000470062,NPDES,UTL020222,BIOSOLIDS,221320,PRIMARY,SEWAGE TREATMENT FACILITIES.
110000534681,NPDES,UT0024392,BIOSOLIDS,221320,PRIMARY,SEWAGE TREATMENT FACILITIES.
110000534681,NPDES,UTL024392,BIOSOLIDS,221320,PRIMARY,SEWAGE TREATMENT FACILITIES.
110000536135,NPDES,UTL021911,BIOSOLIDS,562920,PRIMARY,MATERIALS RECOVERY FACILITIES.
110000536135,NPDES,UT0021911,BIOSOLIDS,562910,PRIMARY,REMEDIATION SERVICES.
110000536135,NPDES,UT0021911,BIOSOLIDS,221320,PRIMARY,SEWAGE TREATMENT FACILITIES.
110000537492,NPDES,UT0021628,BIOSOLIDS,221320,PRIMARY,SEWAGE TREATMENT FACILITIES.
110000537517,NPDES,UT0021636,BIOSOLIDS,221320,PRIMARY,SEWAGE TREATMENT FACILITIES.
110000566637,NPDES,UT0020303,BIOSOLIDS,221320,PRIMARY,SEWAGE TREATMENT FACILITIES.
110000566637,NPDES,UTL020303,BIOSOLIDS,221320,PRIMARY,SEWAGE TREATMENT FACILITIES.
110000567850,NPDES,UTL024384,BIOSOLIDS,221320,PRIMARY,SEWAGE TREATMENT FACILITIES.
110000567850,NPDES,UT0024384,BIOSOLIDS,221320,PRIMARY,SEWAGE TREATMENT FACILITIES.
110000736071,NPDES,UTL024686,BIOSOLIDS,221320,PRIMARY,SEWAGE TREATMENT FACILITIES.
110000736071,NPDES,UT0024686,BIOSOLIDS,221320,PRIMARY,SEWAGE TREATMENT FACILITIES.
110000868062,NPDES,UTL024970,BIOSOLIDS,221320,PRIMARY,SEWAGE TREATMENT FACILITIES.
110000868062,NPDES,UT0024970,BIOSOLIDS,221320,PRIMARY,SEWAGE TREATMENT FACILITIES.
110001148311,NPDES,UT0020109,BIOSOLIDS,221320,PRIMARY,SEWAGE TREATMENT FACILITIES.
110002047151,NPDES,UT0020419,BIOSOLIDS,221320,PRIMARY,SEWAGE TREATMENT FACILITIES.
110002162873,NPDES,UTL022365,BIOSOLIDS,221320,PRIMARY,SEWAGE TREATMENT FACILITIES.
110002162873,NPDES,UT0022365,BIOSOLIDS,221320,PRIMARY,SEWAGE TREATMENT FACILITIES.
110002169812,NPDES,UTL020915,BIOSOLIDS,221320,PRIMARY,SEWAGE TREATMENT FACILITIES.
110002298022,NPDES,UT0020915,BIOSOLIDS,221320,PRIMARY,SEWAGE TREATMENT FACILITIES.
110005197991,NPDES,UTL022217,BIOSOLIDS,221320,PRIMARY,SEWAGE TREATMENT FACILITIES.
110006686256,NPDES,UT0025241,BIOSOLIDS,221320,PRIMARY,SEWAGE TREATMENT FACILITIES.
110009769232,NPDES,UT0020061,BIOSOLIDS,221320,PRIMARY,SEWAGE TREATMENT FACILITIES.
110010134407,NPDES,UT0023205,BIOSOLIDS,221320,PRIMARY,SEWAGE TREATMENT FACILITIES.
110010134407,NPDES,UTL023205,BIOSOLIDS,562998,PRIMARY,ALL OTHER MISCELLANEOUS WASTE MANAGEMENT SERVICES.
110010671095,NPDES,UTL020109,BIOSOLIDS,221320,PRIMARY,SEWAGE TREATMENT FACILITIES.
110010919275,NPDES,UT0025445,BIOSOLIDS,221320,PRIMARY,SEWAGE TREATMENT FACILITIES.
110010919373,NPDES,UTL020834,BIOSOLIDS,221320,PRIMARY,SEWAGE TREATMENT FACILITIES.
110010919373,NPDES,UT0020834,BIOSOLIDS,221320,PRIMARY,SEWAGE TREATMENT FACILITIES.
110010919391,NPDES,UTL021636,BIOSOLIDS,221320,PRIMARY,SEWAGE TREATMENT FACILITIES.
110010919408,NPDES,UT0021717,BIOSOLIDS,221320,PRIMARY,SEWAGE TREATMENT FACILITIES.
110010919408,NPDES,UTL021717,BIOSOLIDS,221320,PRIMARY,SEWAGE TREATMENT FACILITIES.
110010919417,NPDES,UT0021725,BIOSOLIDS,221320,PRIMARY,SEWAGE TREATMENT FACILITIES.
110010919417,NPDES,UTL021725,BIOSOLIDS,221320,PRIMARY,SEWAGE TREATMENT FACILITIES.
110010919426,NPDES,UTL021741,BIOSOLIDS,221320,PRIMARY,SEWAGE TREATMENT FACILITIES.
110010919426,NPDES,UT0021741,BIOSOLIDS,221320,PRIMARY,SEWAGE TREATMENT FACILITIES.
110012293080,NPDES,UTL021814,BIOSOLIDS,221320,PRIMARY,SEWAGE TREATMENT FACILITIES.
110012293099,NPDES,UTL023639,BIOSOLIDS,221320,PRIMARY,SEWAGE TREATMENT FACILITIES.
110015794210,NPDES,UT0025542,BIOSOLIDS,221320,PRIMARY,SEWAGE TREATMENT FACILITIES.
110015794210,NPDES,UTL025542,BIOSOLIDS,221320,PRIMARY,SEWAGE TREATMENT FACILITIES.
110015971153,NPDES,UTL020061,BIOSOLIDS,325998,PRIMARY,ALL OTHER MISCELLANEOUS CHEMICAL PRODUCT AND PREPARATION MANUFACTURING.
110016691533,NPDES,UTL025585,BIOSOLIDS,325998,PRIMARY,ALL OTHER MISCELLANEOUS CHEMICAL PRODUCT AND PREPARATION MANUFACTURING.
110017753386,NPDES,UTL025496,BIOSOLIDS,562212,PRIMARY,SOLID WASTE LANDFILL.
110020107793,NPDES,UT0021814,BIOSOLIDS,221320,PRIMARY,SEWAGE TREATMENT FACILITIES.
110022280949,NPDES,UT0025348,BIOSOLIDS,221320,PRIMARY,SEWAGE TREATMENT FACILITIES.
110022280949,NPDES,UTL025411,BIOSOLIDS,221320,PRIMARY,SEWAGE TREATMENT FACILITIES.
110028187423,NPDES,UT0021440,BIOSOLIDS,221320,PRIMARY,SEWAGE TREATMENT FACILITIES.
110028187423,NPDES,UTL021440,BIOSOLIDS,221320,PRIMARY,SEWAGE TREATMENT FACILITIES.
110037944865,NPDES,UT0025747,BIOSOLIDS,221320,PRIMARY,SEWAGE TREATMENT FACILITIES.
110037944874,NPDES,UT0025763,BIOSOLIDS,721199,PRIMARY,ALL OTHER TRAVELER ACCOMMODATION.
110039923955,NPDES,UTL020427,BIOSOLIDS,221320,PRIMARY,SEWAGE TREATMENT FACILITIES.
110039924053,NPDES,UT0020974,BIOSOLIDS,221320,PRIMARY,SEWAGE TREATMENT FACILITIES.
110039924053,NPDES,UTL020974,BIOSOLIDS,221320,PRIMARY,SEWAGE TREATMENT FACILITIES.
110040439086,NPDES,UT0025852,BIOSOLIDS,221320,PRIMARY,SEWAGE TREATMENT FACILITIES.
110040439086,NPDES,UTL025852,BIOSOLIDS,221320,PRIMARY,SEWAGE TREATMENT FACILITIES.
110043477948,NPDES,UTL025721,BIOSOLIDS,221320,PRIMARY,SEWAGE TREATMENT FACILITIES.
110043477948,NPDES,UT0025721,BIOSOLIDS,221320,PRIMARY,SEWAGE TREATMENT FACILITIES.
110045506662,NPDES,UT0025950,BIOSOLIDS,562998,SECONDARY,ALL OTHER MISCELLANEOUS WASTE MANAGEMENT SERVICES.
110045506662,NPDES,UTL025950,BIOSOLIDS,221320,PRIMARY,SEWAGE TREATMENT FACILITIES.
110045506662,NPDES,UT0025950,BIOSOLIDS,221320,PRIMARY,SEWAGE TREATMENT FACILITIES.
110055634684,NPDES,UT0025976,BIOSOLIDS,221320,PRIMARY,SEWAGE TREATMENT FACILITIES.
110056357543,NPDES,UT0026000,BIOSOLIDS,562910,PRIMARY,REMEDIATION SERVICES.
110056357543,NPDES,UTL026000,BIOSOLIDS,562910,PRIMARY,REMEDIATION SERVICES.
110056405117,NPDES,UTL021288,BIOSOLIDS,221320,PRIMARY,SEWAGE TREATMENT FACILITIES.
110056405117,NPDES,UT0021288,BIOSOLIDS,221320,PRIMARY,SEWAGE TREATMENT FACILITIES.
110061865272,NPDES,UT0020427,BIOSOLIDS,221320,PRIMARY,SEWAGE TREATMENT FACILITIES.
110062785614,NPDES,UTL020001,BIOSOLIDS,221320,PRIMARY,SEWAGE TREATMENT FACILITIES.
110062785614,NPDES,UT0024414,BIOSOLIDS,221320,PRIMARY,SEWAGE TREATMENT FACILITIES.
110062785614,NPDES,UT0020001,BIOSOLIDS,221320,PRIMARY,SEWAGE TREATMENT FACILITIES.
110064246695,NPDES,UTL020419,BIOSOLIDS,221320,PRIMARY,SEWAGE TREATMENT FACILITIES.
110064604076,NPDES,UT0023639,BIOSOLIDS,221320,PRIMARY,SEWAGE TREATMENT FACILITIES.
110064621592,NPDES,UTL025763,BIOSOLIDS,721199,PRIMARY,ALL OTHER TRAVELER ACCOMMODATION.
110070114857,NPDES,UTL026077,BIOSOLIDS,221320,PRIMARY,SEWAGE TREATMENT FACILITIES.
110009763461,NPDES,WA0050229,BIOSOLIDS,221320,PRIMARY,SEWAGE TREATMENT FACILITIES.
110009764371,NPDES,WA0025658,BIOSOLIDS,221320,PRIMARY,SEWAGE TREATMENT FACILITIES.
110011559599,NPDES,WA0020281,BIOSOLIDS,221320,PRIMARY,SEWAGE TREATMENT FACILITIES.
110013724942,NPDES,WA0025666,BIOSOLIDS,221320,PRIMARY,SEWAGE TREATMENT FACILITIES.
110015448121,NPDES,WA0003468,BIOSOLIDS,221320,PRIMARY,SEWAGE TREATMENT FACILITIES.
110015448121,NPDES,WA0003468,BIOSOLIDS,928110,SECONDARY,NATIONAL SECURITY.
110015482798,NPDES,WA0024422,BIOSOLIDS,221320,PRIMARY,SEWAGE TREATMENT FACILITIES.
110070596041,NPDES,WA0021954,BIOSOLIDS,221320,PRIMARY,SEWAGE TREATMENT FACILITIES.
110000536796,NPDES,WYG650006,BIOSOLIDS,221320,PRIMARY,SEWAGE TREATMENT FACILITIES.
110000541584,NPDES,WYG650002,BIOSOLIDS,221320,PRIMARY,SEWAGE TREATMENT FACILITIES.
110000556568,NPDES,WYG650004,BIOSOLIDS,221320,PRIMARY,SEWAGE TREATMENT FACILITIES.
110006684463,NPDES,WYG650005,BIOSOLIDS,221320,PRIMARY,SEWAGE TREATMENT FACILITIES.
110006684490,NPDES,WYG650008,BIOSOLIDS,221320,PRIMARY,SEWAGE TREATMENT FACILITIES.
110009762970,NPDES,WYG650009,BIOSOLIDS,221320,PRIMARY,SEWAGE TREATMENT FACILITIES.
110012801502,NPDES,WYG650001,BIOSOLIDS,221320,PRIMARY,SEWAGE TREATMENT FACILITIES.
110018910400,NPDES,WYG650003,BIOSOLIDS,221320,PRIMARY,SEWAGE TREATMENT FACILITIES.
110020145387,NPDES,WYG650012,BIOSOLIDS,221320,PRIMARY,SEWAGE TREATMENT FACILITIES.
110064241850,NPDES,WYG650007,BIOSOLIDS,221320,PRIMARY,SEWAGE TREATMENT FACILITIES.
